onset	duration	trial_type	value	sample
0.0	0.001	New Segment/	1	0
10.994	0.001	Stimulus/S 98	5	10994
28.943	0.001	Stimulus/S 95	4	28943
30.475	0.001	Stimulus/S 11	2	30475
31.483	0.001	Stimulus/S114	9	31483
32.5	0.001	Stimulus/S214	25	32500
35.631	0.001	Stimulus/S 95	4	35631
37.159	0.001	Stimulus/S 11	2	37159
38.167	0.001	Stimulus/S115	10	38167
39.184	0.001	Stimulus/S215	26	39184
43.892	0.001	Stimulus/S 95	4	43892
45.419	0.001	Stimulus/S 11	2	45419
46.427	0.001	Stimulus/S118	13	46427
47.444	0.001	Stimulus/S218	29	47444
50.431	0.001	Stimulus/S 95	4	50431
51.962	0.001	Stimulus/S 11	2	51962
52.97	0.001	Stimulus/S111	6	52970
53.987	0.001	Stimulus/S211	22	53987
56.959	0.001	Stimulus/S 95	4	56959
58.488	0.001	Stimulus/S 21	3	58488
59.496	0.001	Stimulus/S124	17	59496
60.513	0.001	Stimulus/S224	33	60513
64.925	0.001	Stimulus/S 95	4	64925
66.447	0.001	Stimulus/S 11	2	66447
67.456	0.001	Stimulus/S117	12	67456
68.473	0.001	Stimulus/S217	28	68473
71.643	0.001	Stimulus/S 95	4	71643
73.174	0.001	Stimulus/S 11	2	73174
74.182	0.001	Stimulus/S111	6	74182
75.199	0.001	Stimulus/S211	22	75199
79.749	0.001	Stimulus/S 95	4	79749
81.275	0.001	Stimulus/S 11	2	81275
82.284	0.001	Stimulus/S114	9	82284
83.301	0.001	Stimulus/S214	25	83301
86.442	0.001	Stimulus/S 95	4	86442
87.968	0.001	Stimulus/S 21	3	87968
88.977	0.001	Stimulus/S121	14	88977
89.994	0.001	Stimulus/S221	30	89994
93.116	0.001	Stimulus/S 95	4	93116
94.644	0.001	Stimulus/S 11	2	94644
95.653	0.001	Stimulus/S111	6	95653
96.67	0.001	Stimulus/S211	22	96670
99.835	0.001	Stimulus/S 95	4	99835
101.362	0.001	Stimulus/S 11	2	101362
102.371	0.001	Stimulus/S118	13	102371
103.388	0.001	Stimulus/S218	29	103388
107.539	0.001	Stimulus/S 95	4	107539
109.063	0.001	Stimulus/S 21	3	109063
110.072	0.001	Stimulus/S124	17	110072
111.089	0.001	Stimulus/S224	33	111089
114.207	0.001	Stimulus/S 95	4	114207
115.731	0.001	Stimulus/S 21	3	115731
116.74	0.001	Stimulus/S124	17	116740
117.757	0.001	Stimulus/S224	33	117757
121.29	0.001	Stimulus/S 95	4	121290
122.816	0.001	Stimulus/S 11	2	122816
123.824	0.001	Stimulus/S118	13	123824
124.841	0.001	Stimulus/S218	29	124841
127.74	0.001	Stimulus/S 95	4	127740
129.267	0.001	Stimulus/S 21	3	129267
130.276	0.001	Stimulus/S126	19	130276
131.293	0.001	Stimulus/S226	35	131293
134.547	0.001	Stimulus/S 95	4	134547
136.077	0.001	Stimulus/S 21	3	136077
137.085	0.001	Stimulus/S125	18	137085
138.102	0.001	Stimulus/S225	34	138102
141.018	0.001	Stimulus/S 95	4	141018
142.544	0.001	Stimulus/S 11	2	142544
143.553	0.001	Stimulus/S112	7	143553
144.57	0.001	Stimulus/S212	23	144570
147.467	0.001	Stimulus/S 95	4	147467
148.995	0.001	Stimulus/S 11	2	148995
150.004	0.001	Stimulus/S114	9	150004
151.021	0.001	Stimulus/S214	25	151021
155.519	0.001	Stimulus/S 95	4	155519
157.047	0.001	Stimulus/S 21	3	157047
158.056	0.001	Stimulus/S126	19	158056
159.072	0.001	Stimulus/S226	35	159072
161.97	0.001	Stimulus/S 95	4	161970
163.498	0.001	Stimulus/S 11	2	163498
164.507	0.001	Stimulus/S112	7	164507
165.524	0.001	Stimulus/S212	23	165524
168.555	0.001	Stimulus/S 95	4	168555
170.083	0.001	Stimulus/S 11	2	170083
171.091	0.001	Stimulus/S118	13	171091
172.108	0.001	Stimulus/S218	29	172108
175.005	0.001	Stimulus/S 95	4	175005
176.534	0.001	Stimulus/S 11	2	176534
177.542	0.001	Stimulus/S116	11	177542
178.559	0.001	Stimulus/S216	27	178559
181.779	0.001	Stimulus/S 95	4	181779
183.31	0.001	Stimulus/S 11	2	183310
184.319	0.001	Stimulus/S111	6	184319
185.336	0.001	Stimulus/S211	22	185336
188.426	0.001	Stimulus/S 95	4	188426
189.953	0.001	Stimulus/S 11	2	189953
190.961	0.001	Stimulus/S115	10	190961
191.978	0.001	Stimulus/S215	26	191978
195.067	0.001	Stimulus/S 95	4	195067
196.596	0.001	Stimulus/S 11	2	196596
197.604	0.001	Stimulus/S118	13	197604
198.621	0.001	Stimulus/S218	29	198621
201.495	0.001	Stimulus/S 95	4	201495
203.022	0.001	Stimulus/S 21	3	203022
204.03	0.001	Stimulus/S125	18	204030
205.047	0.001	Stimulus/S225	34	205047
208.145	0.001	Stimulus/S 95	4	208145
209.673	0.001	Stimulus/S 21	3	209673
210.682	0.001	Stimulus/S123	16	210682
211.699	0.001	Stimulus/S223	32	211699
214.938	0.001	Stimulus/S 95	4	214938
216.466	0.001	Stimulus/S 11	2	216466
217.474	0.001	Stimulus/S117	12	217474
218.491	0.001	Stimulus/S217	28	218491
221.524	0.001	Stimulus/S 95	4	221524
223.05	0.001	Stimulus/S 11	2	223050
224.059	0.001	Stimulus/S117	12	224059
225.076	0.001	Stimulus/S217	28	225076
228.231	0.001	Stimulus/S 95	4	228231
229.76	0.001	Stimulus/S 11	2	229760
230.768	0.001	Stimulus/S113	8	230768
231.785	0.001	Stimulus/S213	24	231785
235.99	0.001	Stimulus/S 95	4	235990
237.52	0.001	Stimulus/S 11	2	237520
238.528	0.001	Stimulus/S115	10	238528
239.545	0.001	Stimulus/S215	26	239545
242.653	0.001	Stimulus/S 95	4	242653
244.179	0.001	Stimulus/S 21	3	244179
245.188	0.001	Stimulus/S127	20	245188
246.205	0.001	Stimulus/S227	36	246205
249.484	0.001	Stimulus/S 95	4	249484
251.014	0.001	Stimulus/S 21	3	251014
252.022	0.001	Stimulus/S122	15	252022
253.039	0.001	Stimulus/S222	31	253039
256.205	0.001	Stimulus/S 95	4	256205
257.732	0.001	Stimulus/S 11	2	257732
258.74	0.001	Stimulus/S116	11	258740
259.757	0.001	Stimulus/S216	27	259757
262.953	0.001	Stimulus/S 95	4	262953
264.483	0.001	Stimulus/S 11	2	264483
265.491	0.001	Stimulus/S115	10	265491
266.508	0.001	Stimulus/S215	26	266508
269.559	0.001	Stimulus/S 95	4	269559
271.084	0.001	Stimulus/S 21	3	271084
272.092	0.001	Stimulus/S122	15	272092
273.109	0.001	Stimulus/S222	31	273109
276.311	0.001	Stimulus/S 95	4	276311
277.835	0.001	Stimulus/S 11	2	277835
278.844	0.001	Stimulus/S111	6	278844
279.861	0.001	Stimulus/S211	22	279861
282.908	0.001	Stimulus/S 95	4	282908
284.436	0.001	Stimulus/S 11	2	284436
285.445	0.001	Stimulus/S116	11	285445
286.462	0.001	Stimulus/S216	27	286462
289.429	0.001	Stimulus/S 95	4	289429
290.954	0.001	Stimulus/S 11	2	290954
291.963	0.001	Stimulus/S116	11	291963
292.98	0.001	Stimulus/S216	27	292980
295.833	0.001	Stimulus/S 95	4	295833
297.364	0.001	Stimulus/S 11	2	297364
298.372	0.001	Stimulus/S112	7	298372
299.389	0.001	Stimulus/S212	23	299389
302.582	0.001	Stimulus/S 95	4	302582
304.106	0.001	Stimulus/S 21	3	304106
305.115	0.001	Stimulus/S121	14	305115
306.132	0.001	Stimulus/S221	30	306132
309.423	0.001	Stimulus/S 95	4	309423
310.949	0.001	Stimulus/S 21	3	310949
311.958	0.001	Stimulus/S125	18	311958
312.975	0.001	Stimulus/S225	34	312975
317.528	0.001	Stimulus/S 95	4	317528
319.059	0.001	Stimulus/S 11	2	319059
320.068	0.001	Stimulus/S118	13	320068
321.085	0.001	Stimulus/S218	29	321085
325.175	0.001	Stimulus/S 95	4	325175
326.702	0.001	Stimulus/S 21	3	326702
327.711	0.001	Stimulus/S123	16	327711
328.728	0.001	Stimulus/S223	32	328728
331.566	0.001	Stimulus/S 95	4	331566
333.095	0.001	Stimulus/S 21	3	333095
334.104	0.001	Stimulus/S125	18	334104
335.121	0.001	Stimulus/S225	34	335121
338.16	0.001	Stimulus/S 95	4	338160
339.688	0.001	Stimulus/S 21	3	339688
340.696	0.001	Stimulus/S123	16	340696
341.713	0.001	Stimulus/S223	32	341713
344.946	0.001	Stimulus/S 95	4	344946
346.472	0.001	Stimulus/S 21	3	346472
347.481	0.001	Stimulus/S121	14	347481
348.498	0.001	Stimulus/S221	30	348498
351.428	0.001	Stimulus/S 95	4	351428
352.957	0.001	Stimulus/S 21	3	352957
353.965	0.001	Stimulus/S127	20	353965
354.982	0.001	Stimulus/S227	36	354982
358.189	0.001	Stimulus/S 95	4	358189
359.716	0.001	Stimulus/S 11	2	359716
360.725	0.001	Stimulus/S115	10	360725
361.742	0.001	Stimulus/S215	26	361742
365.929	0.001	Stimulus/S 95	4	365929
367.459	0.001	Stimulus/S 21	3	367459
368.468	0.001	Stimulus/S127	20	368468
369.485	0.001	Stimulus/S227	36	369485
372.894	0.001	Stimulus/S 95	4	372894
374.419	0.001	Stimulus/S 21	3	374419
375.428	0.001	Stimulus/S125	18	375428
376.445	0.001	Stimulus/S225	34	376445
379.318	0.001	Stimulus/S 95	4	379318
380.845	0.001	Stimulus/S 11	2	380845
381.854	0.001	Stimulus/S118	13	381854
382.871	0.001	Stimulus/S218	29	382871
385.966	0.001	Stimulus/S 95	4	385966
387.496	0.001	Stimulus/S 21	3	387496
388.505	0.001	Stimulus/S121	14	388505
389.522	0.001	Stimulus/S221	30	389522
392.464	0.001	Stimulus/S 95	4	392464
393.989	0.001	Stimulus/S 21	3	393989
394.998	0.001	Stimulus/S126	19	394998
396.015	0.001	Stimulus/S226	35	396015
399.205	0.001	Stimulus/S 95	4	399205
400.732	0.001	Stimulus/S 21	3	400732
401.741	0.001	Stimulus/S127	20	401741
402.758	0.001	Stimulus/S227	36	402758
405.884	0.001	Stimulus/S 95	4	405884
407.408	0.001	Stimulus/S 11	2	407408
408.417	0.001	Stimulus/S111	6	408417
409.434	0.001	Stimulus/S211	22	409434
412.662	0.001	Stimulus/S 95	4	412662
414.184	0.001	Stimulus/S 21	3	414184
415.193	0.001	Stimulus/S128	21	415193
416.21	0.001	Stimulus/S228	37	416210
420.362	0.001	Stimulus/S 95	4	420362
421.886	0.001	Stimulus/S 21	3	421886
422.894	0.001	Stimulus/S125	18	422894
423.911	0.001	Stimulus/S225	34	423911
426.951	0.001	Stimulus/S 95	4	426951
428.479	0.001	Stimulus/S 11	2	428479
429.487	0.001	Stimulus/S116	11	429487
430.504	0.001	Stimulus/S216	27	430504
434.585	0.001	Stimulus/S 95	4	434585
436.113	0.001	Stimulus/S 21	3	436113
437.122	0.001	Stimulus/S124	17	437122
438.139	0.001	Stimulus/S224	33	438139
441.434	0.001	Stimulus/S 95	4	441434
442.965	0.001	Stimulus/S 11	2	442965
443.973	0.001	Stimulus/S117	12	443973
444.99	0.001	Stimulus/S217	28	444990
447.937	0.001	Stimulus/S 95	4	447937
449.466	0.001	Stimulus/S 21	3	449466
450.474	0.001	Stimulus/S122	15	450474
451.491	0.001	Stimulus/S222	31	451491
454.757	0.001	Stimulus/S 95	4	454757
456.284	0.001	Stimulus/S 11	2	456284
457.292	0.001	Stimulus/S113	8	457292
458.309	0.001	Stimulus/S213	24	458309
461.121	0.001	Stimulus/S 95	4	461121
462.651	0.001	Stimulus/S 11	2	462651
463.66	0.001	Stimulus/S111	6	463660
464.677	0.001	Stimulus/S211	22	464677
467.698	0.001	Stimulus/S 95	4	467698
469.228	0.001	Stimulus/S 11	2	469228
470.236	0.001	Stimulus/S111	6	470236
471.253	0.001	Stimulus/S211	22	471253
475.482	0.001	Stimulus/S 95	4	475482
477.012	0.001	Stimulus/S 21	3	477012
478.021	0.001	Stimulus/S124	17	478021
479.038	0.001	Stimulus/S224	33	479038
482.141	0.001	Stimulus/S 95	4	482141
483.672	0.001	Stimulus/S 11	2	483672
484.68	0.001	Stimulus/S114	9	484680
485.697	0.001	Stimulus/S214	25	485697
488.797	0.001	Stimulus/S 95	4	488797
490.323	0.001	Stimulus/S 21	3	490323
491.332	0.001	Stimulus/S125	18	491332
492.349	0.001	Stimulus/S225	34	492349
495.163	0.001	Stimulus/S 95	4	495163
496.691	0.001	Stimulus/S 11	2	496691
497.699	0.001	Stimulus/S118	13	497699
498.716	0.001	Stimulus/S218	29	498716
503.085	0.001	Stimulus/S 95	4	503085
504.609	0.001	Stimulus/S 21	3	504609
505.617	0.001	Stimulus/S128	21	505617
506.635	0.001	Stimulus/S228	37	506635
509.677	0.001	Stimulus/S 95	4	509677
511.202	0.001	Stimulus/S 11	2	511202
512.21	0.001	Stimulus/S112	7	512210
513.227	0.001	Stimulus/S212	23	513227
516.469	0.001	Stimulus/S 95	4	516469
517.995	0.001	Stimulus/S 11	2	517995
519.003	0.001	Stimulus/S118	13	519003
520.02	0.001	Stimulus/S218	29	520020
523.262	0.001	Stimulus/S 95	4	523262
524.788	0.001	Stimulus/S 21	3	524788
525.796	0.001	Stimulus/S128	21	525796
526.813	0.001	Stimulus/S228	37	526813
529.942	0.001	Stimulus/S 95	4	529942
531.472	0.001	Stimulus/S 21	3	531472
532.481	0.001	Stimulus/S128	21	532481
533.498	0.001	Stimulus/S228	37	533498
536.58	0.001	Stimulus/S 95	4	536580
538.107	0.001	Stimulus/S 11	2	538107
539.115	0.001	Stimulus/S111	6	539115
540.132	0.001	Stimulus/S211	22	540132
543.202	0.001	Stimulus/S 95	4	543202
544.724	0.001	Stimulus/S 11	2	544724
545.733	0.001	Stimulus/S111	6	545733
546.75	0.001	Stimulus/S211	22	546750
550.041	0.001	Stimulus/S 95	4	550041
551.567	0.001	Stimulus/S 11	2	551567
552.576	0.001	Stimulus/S114	9	552576
553.593	0.001	Stimulus/S214	25	553593
556.777	0.001	Stimulus/S 95	4	556777
558.302	0.001	Stimulus/S 21	3	558302
559.31	0.001	Stimulus/S126	19	559310
560.327	0.001	Stimulus/S226	35	560327
563.618	0.001	Stimulus/S 95	4	563618
565.145	0.001	Stimulus/S 11	2	565145
566.153	0.001	Stimulus/S116	11	566153
567.17	0.001	Stimulus/S216	27	567170
570.259	0.001	Stimulus/S 95	4	570259
571.788	0.001	Stimulus/S 21	3	571788
572.796	0.001	Stimulus/S126	19	572796
573.813	0.001	Stimulus/S226	35	573813
606.213	0.001	Stimulus/S 95	4	606213
607.744	0.001	Stimulus/S 21	3	607744
608.752	0.001	Stimulus/S122	15	608752
609.769	0.001	Stimulus/S222	31	609769
612.596	0.001	Stimulus/S 95	4	612596
614.12	0.001	Stimulus/S 21	3	614120
615.129	0.001	Stimulus/S126	19	615129
616.146	0.001	Stimulus/S226	35	616146
619.125	0.001	Stimulus/S 95	4	619125
620.655	0.001	Stimulus/S 11	2	620655
621.663	0.001	Stimulus/S118	13	621663
622.68	0.001	Stimulus/S218	29	622680
625.607	0.001	Stimulus/S 95	4	625607
627.131	0.001	Stimulus/S 11	2	627131
628.139	0.001	Stimulus/S117	12	628139
629.156	0.001	Stimulus/S217	28	629156
632.246	0.001	Stimulus/S 95	4	632246
633.774	0.001	Stimulus/S 21	3	633774
634.782	0.001	Stimulus/S122	15	634782
635.799	0.001	Stimulus/S222	31	635799
638.972	0.001	Stimulus/S 95	4	638972
640.5	0.001	Stimulus/S 11	2	640500
641.508	0.001	Stimulus/S111	6	641508
642.525	0.001	Stimulus/S211	22	642525
645.345	0.001	Stimulus/S 95	4	645345
646.876	0.001	Stimulus/S 11	2	646876
647.884	0.001	Stimulus/S117	12	647884
648.901	0.001	Stimulus/S217	28	648901
652.185	0.001	Stimulus/S 95	4	652185
653.71	0.001	Stimulus/S 11	2	653710
654.719	0.001	Stimulus/S113	8	654719
655.736	0.001	Stimulus/S213	24	655736
658.674	0.001	Stimulus/S 95	4	658674
660.203	0.001	Stimulus/S 21	3	660203
661.212	0.001	Stimulus/S128	21	661212
662.229	0.001	Stimulus/S228	37	662229
665.168	0.001	Stimulus/S 95	4	665168
666.696	0.001	Stimulus/S 21	3	666696
667.705	0.001	Stimulus/S123	16	667705
668.722	0.001	Stimulus/S223	32	668722
671.693	0.001	Stimulus/S 95	4	671693
673.222	0.001	Stimulus/S 11	2	673222
674.231	0.001	Stimulus/S116	11	674231
675.248	0.001	Stimulus/S216	27	675248
678.38	0.001	Stimulus/S 95	4	678380
679.907	0.001	Stimulus/S 21	3	679907
680.915	0.001	Stimulus/S124	17	680915
681.932	0.001	Stimulus/S224	33	681932
684.774	0.001	Stimulus/S 95	4	684774
686.3	0.001	Stimulus/S 21	3	686300
687.308	0.001	Stimulus/S121	14	687308
688.325	0.001	Stimulus/S221	30	688325
691.59	0.001	Stimulus/S 95	4	691590
693.117	0.001	Stimulus/S 21	3	693117
694.126	0.001	Stimulus/S121	14	694126
695.143	0.001	Stimulus/S221	30	695143
698.085	0.001	Stimulus/S 95	4	698085
699.61	0.001	Stimulus/S 21	3	699610
700.619	0.001	Stimulus/S121	14	700619
701.636	0.001	Stimulus/S221	30	701636
705.835	0.001	Stimulus/S 95	4	705835
707.362	0.001	Stimulus/S 21	3	707362
708.37	0.001	Stimulus/S128	21	708370
709.387	0.001	Stimulus/S228	37	709387
712.696	0.001	Stimulus/S 95	4	712696
714.221	0.001	Stimulus/S 11	2	714221
715.23	0.001	Stimulus/S115	10	715230
716.247	0.001	Stimulus/S215	26	716247
719.331	0.001	Stimulus/S 95	4	719331
720.856	0.001	Stimulus/S 21	3	720856
721.864	0.001	Stimulus/S128	21	721864
722.881	0.001	Stimulus/S228	37	722881
726.13	0.001	Stimulus/S 95	4	726130
727.657	0.001	Stimulus/S 21	3	727657
728.666	0.001	Stimulus/S122	15	728666
729.683	0.001	Stimulus/S222	31	729683
732.827	0.001	Stimulus/S 95	4	732827
734.358	0.001	Stimulus/S 11	2	734358
735.367	0.001	Stimulus/S111	6	735367
736.384	0.001	Stimulus/S211	22	736384
739.677	0.001	Stimulus/S 95	4	739677
741.201	0.001	Stimulus/S 11	2	741201
742.21	0.001	Stimulus/S112	7	742210
743.227	0.001	Stimulus/S212	23	743227
746.345	0.001	Stimulus/S 95	4	746345
747.869	0.001	Stimulus/S 21	3	747869
748.878	0.001	Stimulus/S123	16	748878
749.894	0.001	Stimulus/S223	32	749894
752.836	0.001	Stimulus/S 95	4	752836
754.362	0.001	Stimulus/S 11	2	754362
755.37	0.001	Stimulus/S111	6	755370
756.387	0.001	Stimulus/S211	22	756387
759.614	0.001	Stimulus/S 95	4	759614
761.138	0.001	Stimulus/S 11	2	761138
762.146	0.001	Stimulus/S112	7	762146
763.163	0.001	Stimulus/S212	23	763163
767.56	0.001	Stimulus/S 95	4	767560
769.089	0.001	Stimulus/S 11	2	769089
770.098	0.001	Stimulus/S113	8	770098
771.115	0.001	Stimulus/S213	24	771115
774.377	0.001	Stimulus/S 95	4	774377
775.907	0.001	Stimulus/S 11	2	775907
776.916	0.001	Stimulus/S112	7	776916
777.933	0.001	Stimulus/S212	23	777933
781.16	0.001	Stimulus/S 95	4	781160
782.683	0.001	Stimulus/S 21	3	782683
783.692	0.001	Stimulus/S125	18	783692
784.709	0.001	Stimulus/S225	34	784709
787.797	0.001	Stimulus/S 95	4	787797
789.326	0.001	Stimulus/S 21	3	789326
790.335	0.001	Stimulus/S126	19	790335
791.352	0.001	Stimulus/S226	35	791352
794.511	0.001	Stimulus/S 95	4	794511
796.036	0.001	Stimulus/S 11	2	796036
797.044	0.001	Stimulus/S113	8	797044
798.061	0.001	Stimulus/S213	24	798061
800.972	0.001	Stimulus/S 95	4	800972
802.495	0.001	Stimulus/S 21	3	802495
803.504	0.001	Stimulus/S121	14	803504
804.521	0.001	Stimulus/S221	30	804521
807.804	0.001	Stimulus/S 95	4	807804
809.33	0.001	Stimulus/S 21	3	809330
810.338	0.001	Stimulus/S127	20	810338
811.356	0.001	Stimulus/S227	36	811356
814.388	0.001	Stimulus/S 95	4	814388
815.914	0.001	Stimulus/S 11	2	815914
816.923	0.001	Stimulus/S111	6	816923
817.94	0.001	Stimulus/S211	22	817940
821.052	0.001	Stimulus/S 95	4	821052
822.582	0.001	Stimulus/S 21	3	822582
823.591	0.001	Stimulus/S128	21	823591
824.608	0.001	Stimulus/S228	37	824608
827.786	0.001	Stimulus/S 95	4	827786
829.317	0.001	Stimulus/S 11	2	829317
830.325	0.001	Stimulus/S118	13	830325
831.342	0.001	Stimulus/S218	29	831342
834.282	0.001	Stimulus/S 95	4	834282
835.81	0.001	Stimulus/S 21	3	835810
836.818	0.001	Stimulus/S125	18	836818
837.835	0.001	Stimulus/S225	34	837835
840.781	0.001	Stimulus/S 95	4	840781
842.311	0.001	Stimulus/S 11	2	842311
843.319	0.001	Stimulus/S117	12	843319
844.336	0.001	Stimulus/S217	28	844336
847.458	0.001	Stimulus/S 95	4	847458
848.987	0.001	Stimulus/S 11	2	848987
849.995	0.001	Stimulus/S114	9	849995
851.012	0.001	Stimulus/S214	25	851012
854.287	0.001	Stimulus/S 95	4	854287
855.813	0.001	Stimulus/S 21	3	855813
856.822	0.001	Stimulus/S123	16	856822
857.839	0.001	Stimulus/S223	32	857839
860.989	0.001	Stimulus/S 95	4	860989
862.514	0.001	Stimulus/S 21	3	862514
863.523	0.001	Stimulus/S124	17	863523
864.54	0.001	Stimulus/S224	33	864540
867.477	0.001	Stimulus/S 95	4	867477
869.007	0.001	Stimulus/S 21	3	869007
870.016	0.001	Stimulus/S124	17	870016
871.033	0.001	Stimulus/S224	33	871033
874.099	0.001	Stimulus/S 95	4	874099
875.625	0.001	Stimulus/S 11	2	875625
876.633	0.001	Stimulus/S113	8	876633
877.65	0.001	Stimulus/S213	24	877650
882.155	0.001	Stimulus/S 95	4	882155
883.685	0.001	Stimulus/S 21	3	883685
884.693	0.001	Stimulus/S127	20	884693
885.71	0.001	Stimulus/S227	36	885710
889.164	0.001	Stimulus/S 95	4	889164
890.694	0.001	Stimulus/S 11	2	890694
891.703	0.001	Stimulus/S115	10	891703
892.72	0.001	Stimulus/S215	26	892720
895.916	0.001	Stimulus/S 95	4	895916
897.445	0.001	Stimulus/S 21	3	897445
898.454	0.001	Stimulus/S125	18	898454
899.471	0.001	Stimulus/S225	34	899471
902.442	0.001	Stimulus/S 95	4	902442
903.972	0.001	Stimulus/S 11	2	903972
904.98	0.001	Stimulus/S113	8	904980
905.997	0.001	Stimulus/S213	24	905997
908.917	0.001	Stimulus/S 95	4	908917
910.439	0.001	Stimulus/S 11	2	910439
911.448	0.001	Stimulus/S115	10	911448
912.465	0.001	Stimulus/S215	26	912465
915.358	0.001	Stimulus/S 95	4	915358
916.882	0.001	Stimulus/S 21	3	916882
917.891	0.001	Stimulus/S126	19	917891
918.908	0.001	Stimulus/S226	35	918908
921.869	0.001	Stimulus/S 95	4	921869
923.392	0.001	Stimulus/S 21	3	923392
924.4	0.001	Stimulus/S121	14	924400
925.417	0.001	Stimulus/S221	30	925417
929.645	0.001	Stimulus/S 95	4	929645
931.168	0.001	Stimulus/S 21	3	931168
932.177	0.001	Stimulus/S124	17	932177
933.194	0.001	Stimulus/S224	33	933194
936.528	0.001	Stimulus/S 95	4	936528
938.053	0.001	Stimulus/S 11	2	938053
939.061	0.001	Stimulus/S118	13	939061
940.078	0.001	Stimulus/S218	29	940078
944.534	0.001	Stimulus/S 95	4	944534
946.062	0.001	Stimulus/S 11	2	946062
947.071	0.001	Stimulus/S113	8	947071
948.088	0.001	Stimulus/S213	24	948088
951.273	0.001	Stimulus/S 95	4	951273
952.797	0.001	Stimulus/S 11	2	952797
953.806	0.001	Stimulus/S114	9	953806
954.823	0.001	Stimulus/S214	25	954823
958.071	0.001	Stimulus/S 95	4	958071
959.598	0.001	Stimulus/S 21	3	959598
960.607	0.001	Stimulus/S125	18	960607
961.624	0.001	Stimulus/S225	34	961624
964.992	0.001	Stimulus/S 95	4	964992
966.516	0.001	Stimulus/S 11	2	966516
967.525	0.001	Stimulus/S118	13	967525
968.542	0.001	Stimulus/S218	29	968542
973.03	0.001	Stimulus/S 95	4	973030
974.559	0.001	Stimulus/S 11	2	974559
975.568	0.001	Stimulus/S115	10	975568
976.585	0.001	Stimulus/S215	26	976585
980.501	0.001	Stimulus/S 95	4	980501
982.027	0.001	Stimulus/S 21	3	982027
983.036	0.001	Stimulus/S124	17	983036
984.053	0.001	Stimulus/S224	33	984053
987.321	0.001	Stimulus/S 95	4	987321
988.845	0.001	Stimulus/S 21	3	988845
989.854	0.001	Stimulus/S125	18	989854
990.871	0.001	Stimulus/S225	34	990871
994.145	0.001	Stimulus/S 95	4	994145
995.671	0.001	Stimulus/S 21	3	995671
996.68	0.001	Stimulus/S124	17	996680
997.697	0.001	Stimulus/S224	33	997697
1000.924	0.001	Stimulus/S 95	4	1000924
1002.448	0.001	Stimulus/S 11	2	1002448
1003.456	0.001	Stimulus/S115	10	1003456
1004.473	0.001	Stimulus/S215	26	1004473
1007.691	0.001	Stimulus/S 95	4	1007691
1009.215	0.001	Stimulus/S 11	2	1009215
1010.224	0.001	Stimulus/S118	13	1010224
1011.241	0.001	Stimulus/S218	29	1011241
1014.516	0.001	Stimulus/S 95	4	1014516
1016.042	0.001	Stimulus/S 21	3	1016042
1017.05	0.001	Stimulus/S122	15	1017050
1018.067	0.001	Stimulus/S222	31	1018067
1021.415	0.001	Stimulus/S 95	4	1021415
1022.943	0.001	Stimulus/S 11	2	1022943
1023.951	0.001	Stimulus/S118	13	1023951
1024.968	0.001	Stimulus/S218	29	1024968
1028.001	0.001	Stimulus/S 95	4	1028001
1029.527	0.001	Stimulus/S 21	3	1029527
1030.536	0.001	Stimulus/S121	14	1030536
1031.553	0.001	Stimulus/S221	30	1031553
1034.601	0.001	Stimulus/S 95	4	1034601
1036.129	0.001	Stimulus/S 21	3	1036129
1037.137	0.001	Stimulus/S125	18	1037137
1038.154	0.001	Stimulus/S225	34	1038154
1042.288	0.001	Stimulus/S 95	4	1042288
1043.813	0.001	Stimulus/S 21	3	1043813
1044.822	0.001	Stimulus/S125	18	1044822
1045.839	0.001	Stimulus/S225	34	1045839
1049.665	0.001	Stimulus/S 95	4	1049665
1051.19	0.001	Stimulus/S 21	3	1051190
1052.198	0.001	Stimulus/S124	17	1052198
1053.215	0.001	Stimulus/S224	33	1053215
1057.744	0.001	Stimulus/S 95	4	1057744
1059.274	0.001	Stimulus/S 11	2	1059274
1060.283	0.001	Stimulus/S114	9	1060283
1061.3	0.001	Stimulus/S214	25	1061300
1064.19	0.001	Stimulus/S 95	4	1064190
1065.717	0.001	Stimulus/S 11	2	1065717
1066.726	0.001	Stimulus/S111	6	1066726
1067.743	0.001	Stimulus/S211	22	1067743
1070.69	0.001	Stimulus/S 95	4	1070690
1072.218	0.001	Stimulus/S 21	3	1072218
1073.227	0.001	Stimulus/S126	19	1073227
1074.244	0.001	Stimulus/S226	35	1074244
1077.549	0.001	Stimulus/S 95	4	1077549
1079.078	0.001	Stimulus/S 11	2	1079078
1080.086	0.001	Stimulus/S114	9	1080086
1081.103	0.001	Stimulus/S214	25	1081103
1084.171	0.001	Stimulus/S 95	4	1084171
1085.696	0.001	Stimulus/S 11	2	1085696
1086.704	0.001	Stimulus/S112	7	1086704
1087.721	0.001	Stimulus/S212	23	1087721
1090.959	0.001	Stimulus/S 95	4	1090959
1092.489	0.001	Stimulus/S 11	2	1092489
1093.497	0.001	Stimulus/S114	9	1093497
1094.514	0.001	Stimulus/S214	25	1094514
1097.678	0.001	Stimulus/S 95	4	1097678
1099.207	0.001	Stimulus/S 11	2	1099207
1100.215	0.001	Stimulus/S114	9	1100215
1101.232	0.001	Stimulus/S214	25	1101232
1104.819	0.001	Stimulus/S 95	4	1104819
1106.349	0.001	Stimulus/S 21	3	1106349
1107.358	0.001	Stimulus/S128	21	1107358
1108.375	0.001	Stimulus/S228	37	1108375
1111.607	0.001	Stimulus/S 95	4	1111607
1113.134	0.001	Stimulus/S 21	3	1113134
1114.142	0.001	Stimulus/S123	16	1114142
1115.159	0.001	Stimulus/S223	32	1115159
1118.184	0.001	Stimulus/S 95	4	1118184
1119.71	0.001	Stimulus/S 21	3	1119710
1120.719	0.001	Stimulus/S122	15	1120719
1121.736	0.001	Stimulus/S222	31	1121736
1127.067	0.001	Stimulus/S 95	4	1127067
1128.595	0.001	Stimulus/S 21	3	1128595
1129.604	0.001	Stimulus/S122	15	1129604
1130.621	0.001	Stimulus/S222	31	1130621
1133.723	0.001	Stimulus/S 95	4	1133723
1135.246	0.001	Stimulus/S 11	2	1135246
1136.255	0.001	Stimulus/S117	12	1136255
1137.272	0.001	Stimulus/S217	28	1137272
1140.556	0.001	Stimulus/S 95	4	1140556
1142.081	0.001	Stimulus/S 21	3	1142081
1143.089	0.001	Stimulus/S122	15	1143089
1144.106	0.001	Stimulus/S222	31	1144106
1147.573	0.001	Stimulus/S 95	4	1147573
1149.099	0.001	Stimulus/S 11	2	1149099
1150.107	0.001	Stimulus/S111	6	1150107
1151.124	0.001	Stimulus/S211	22	1151124
1170.304	0.001	Stimulus/S 95	4	1170304
1171.828	0.001	Stimulus/S 21	3	1171828
1172.836	0.001	Stimulus/S124	17	1172836
1173.853	0.001	Stimulus/S224	33	1173853
1176.691	0.001	Stimulus/S 95	4	1176691
1178.221	0.001	Stimulus/S 21	3	1178221
1179.229	0.001	Stimulus/S121	14	1179229
1180.246	0.001	Stimulus/S221	30	1180246
1183.079	0.001	Stimulus/S 95	4	1183079
1184.605	0.001	Stimulus/S 21	3	1184605
1185.614	0.001	Stimulus/S122	15	1185614
1186.63	0.001	Stimulus/S222	31	1186630
1189.688	0.001	Stimulus/S 95	4	1189688
1191.214	0.001	Stimulus/S 21	3	1191214
1192.223	0.001	Stimulus/S123	16	1192223
1193.24	0.001	Stimulus/S223	32	1193240
1196.089	0.001	Stimulus/S 95	4	1196089
1197.616	0.001	Stimulus/S 11	2	1197616
1198.624	0.001	Stimulus/S117	12	1198624
1199.641	0.001	Stimulus/S217	28	1199641
1202.816	0.001	Stimulus/S 95	4	1202816
1204.342	0.001	Stimulus/S 21	3	1204342
1205.35	0.001	Stimulus/S124	17	1205350
1206.367	0.001	Stimulus/S224	33	1206367
1209.474	0.001	Stimulus/S 95	4	1209474
1211.001	0.001	Stimulus/S 21	3	1211001
1212.01	0.001	Stimulus/S128	21	1212010
1213.027	0.001	Stimulus/S228	37	1213027
1216.109	0.001	Stimulus/S 95	4	1216109
1217.636	0.001	Stimulus/S 11	2	1217636
1218.644	0.001	Stimulus/S116	11	1218644
1219.661	0.001	Stimulus/S216	27	1219661
1222.495	0.001	Stimulus/S 95	4	1222495
1224.02	0.001	Stimulus/S 21	3	1224020
1225.029	0.001	Stimulus/S128	21	1225029
1226.046	0.001	Stimulus/S228	37	1226046
1229.202	0.001	Stimulus/S 95	4	1229202
1230.73	0.001	Stimulus/S 21	3	1230730
1231.738	0.001	Stimulus/S126	19	1231738
1232.755	0.001	Stimulus/S226	35	1232755
1235.898	0.001	Stimulus/S 95	4	1235898
1237.423	0.001	Stimulus/S 11	2	1237423
1238.431	0.001	Stimulus/S113	8	1238431
1239.448	0.001	Stimulus/S213	24	1239448
1242.289	0.001	Stimulus/S 95	4	1242289
1243.816	0.001	Stimulus/S 11	2	1243816
1244.824	0.001	Stimulus/S114	9	1244824
1245.841	0.001	Stimulus/S214	25	1245841
1249.144	0.001	Stimulus/S 95	4	1249144
1250.667	0.001	Stimulus/S 21	3	1250667
1251.675	0.001	Stimulus/S127	20	1251675
1252.692	0.001	Stimulus/S227	36	1252692
1255.553	0.001	Stimulus/S 95	4	1255553
1257.076	0.001	Stimulus/S 11	2	1257076
1258.085	0.001	Stimulus/S117	12	1258085
1259.102	0.001	Stimulus/S217	28	1259102
1262.129	0.001	Stimulus/S 95	4	1262129
1263.652	0.001	Stimulus/S 21	3	1263652
1264.661	0.001	Stimulus/S123	16	1264661
1265.678	0.001	Stimulus/S223	32	1265678
1268.728	0.001	Stimulus/S 95	4	1268728
1270.253	0.001	Stimulus/S 21	3	1270253
1271.262	0.001	Stimulus/S126	19	1271262
1272.279	0.001	Stimulus/S226	35	1272279
1276.69	0.001	Stimulus/S 95	4	1276690
1278.213	0.001	Stimulus/S 11	2	1278213
1279.222	0.001	Stimulus/S114	9	1279222
1280.239	0.001	Stimulus/S214	25	1280239
1283.521	0.001	Stimulus/S 95	4	1283521
1285.048	0.001	Stimulus/S 11	2	1285048
1286.056	0.001	Stimulus/S111	6	1286056
1287.073	0.001	Stimulus/S211	22	1287073
1289.969	0.001	Stimulus/S 95	4	1289969
1291.499	0.001	Stimulus/S 21	3	1291499
1292.507	0.001	Stimulus/S123	16	1292507
1293.524	0.001	Stimulus/S223	32	1293524
1296.713	0.001	Stimulus/S 95	4	1296713
1298.242	0.001	Stimulus/S 21	3	1298242
1299.25	0.001	Stimulus/S126	19	1299250
1300.267	0.001	Stimulus/S226	35	1300267
1303.452	0.001	Stimulus/S 95	4	1303452
1304.976	0.001	Stimulus/S 11	2	1304976
1305.985	0.001	Stimulus/S112	7	1305985
1307.002	0.001	Stimulus/S212	23	1307002
1310.216	0.001	Stimulus/S 95	4	1310216
1311.744	0.001	Stimulus/S 21	3	1311744
1312.753	0.001	Stimulus/S126	19	1312753
1313.77	0.001	Stimulus/S226	35	1313770
1317.267	0.001	Stimulus/S 95	4	1317267
1318.796	0.001	Stimulus/S 11	2	1318796
1319.804	0.001	Stimulus/S115	10	1319804
1320.821	0.001	Stimulus/S215	26	1320821
1324.072	0.001	Stimulus/S 95	4	1324072
1325.597	0.001	Stimulus/S 11	2	1325597
1326.605	0.001	Stimulus/S118	13	1326605
1327.622	0.001	Stimulus/S218	29	1327622
1330.439	0.001	Stimulus/S 95	4	1330439
1331.964	0.001	Stimulus/S 11	2	1331964
1332.973	0.001	Stimulus/S117	12	1332973
1333.99	0.001	Stimulus/S217	28	1333990
1337.049	0.001	Stimulus/S 95	4	1337049
1338.574	0.001	Stimulus/S 21	3	1338574
1339.583	0.001	Stimulus/S122	15	1339583
1340.6	0.001	Stimulus/S222	31	1340600
1343.446	0.001	Stimulus/S 95	4	1343446
1344.975	0.001	Stimulus/S 21	3	1344975
1345.984	0.001	Stimulus/S123	16	1345984
1347.001	0.001	Stimulus/S223	32	1347001
1349.883	0.001	Stimulus/S 95	4	1349883
1351.41	0.001	Stimulus/S 11	2	1351410
1352.418	0.001	Stimulus/S116	11	1352418
1353.435	0.001	Stimulus/S216	27	1353435
1357.725	0.001	Stimulus/S 95	4	1357725
1359.253	0.001	Stimulus/S 21	3	1359253
1360.261	0.001	Stimulus/S121	14	1360261
1361.278	0.001	Stimulus/S221	30	1361278
1364.447	0.001	Stimulus/S 95	4	1364447
1365.971	0.001	Stimulus/S 21	3	1365971
1366.979	0.001	Stimulus/S128	21	1366979
1367.996	0.001	Stimulus/S228	37	1367996
1371.17	0.001	Stimulus/S 95	4	1371170
1372.697	0.001	Stimulus/S 21	3	1372697
1373.705	0.001	Stimulus/S124	17	1373705
1374.722	0.001	Stimulus/S224	33	1374722
1379.182	0.001	Stimulus/S 95	4	1379182
1380.707	0.001	Stimulus/S 11	2	1380707
1381.715	0.001	Stimulus/S116	11	1381715
1382.732	0.001	Stimulus/S216	27	1382732
1386.398	0.001	Stimulus/S 95	4	1386398
1387.924	0.001	Stimulus/S 21	3	1387924
1388.933	0.001	Stimulus/S126	19	1388933
1389.95	0.001	Stimulus/S226	35	1389950
1394.167	0.001	Stimulus/S 95	4	1394167
1395.693	0.001	Stimulus/S 11	2	1395693
1396.701	0.001	Stimulus/S113	8	1396701
1397.718	0.001	Stimulus/S213	24	1397718
1400.686	0.001	Stimulus/S 95	4	1400686
1402.21	0.001	Stimulus/S 11	2	1402210
1403.219	0.001	Stimulus/S118	13	1403219
1404.236	0.001	Stimulus/S218	29	1404236
1407.483	0.001	Stimulus/S 95	4	1407483
1409.012	0.001	Stimulus/S 11	2	1409012
1410.02	0.001	Stimulus/S117	12	1410020
1411.037	0.001	Stimulus/S217	28	1411037
1414.244	0.001	Stimulus/S 95	4	1414244
1415.771	0.001	Stimulus/S 11	2	1415771
1416.78	0.001	Stimulus/S111	6	1416780
1417.797	0.001	Stimulus/S211	22	1417797
1420.857	0.001	Stimulus/S 95	4	1420857
1422.381	0.001	Stimulus/S 21	3	1422381
1423.389	0.001	Stimulus/S123	16	1423389
1424.406	0.001	Stimulus/S223	32	1424406
1427.417	0.001	Stimulus/S 95	4	1427417
1428.94	0.001	Stimulus/S 21	3	1428940
1429.949	0.001	Stimulus/S128	21	1429949
1430.966	0.001	Stimulus/S228	37	1430966
1434.12	0.001	Stimulus/S 95	4	1434120
1435.65	0.001	Stimulus/S 11	2	1435650
1436.658	0.001	Stimulus/S112	7	1436658
1437.675	0.001	Stimulus/S212	23	1437675
1440.55	0.001	Stimulus/S 95	4	1440550
1442.076	0.001	Stimulus/S 21	3	1442076
1443.084	0.001	Stimulus/S125	18	1443084
1444.101	0.001	Stimulus/S225	34	1444101
1448.32	0.001	Stimulus/S 95	4	1448320
1449.844	0.001	Stimulus/S 21	3	1449844
1450.852	0.001	Stimulus/S125	18	1450852
1451.869	0.001	Stimulus/S225	34	1451869
1455.142	0.001	Stimulus/S 95	4	1455142
1456.67	0.001	Stimulus/S 21	3	1456670
1457.679	0.001	Stimulus/S128	21	1457679
1458.696	0.001	Stimulus/S228	37	1458696
1461.729	0.001	Stimulus/S 95	4	1461729
1463.255	0.001	Stimulus/S 21	3	1463255
1464.263	0.001	Stimulus/S127	20	1464263
1465.28	0.001	Stimulus/S227	36	1465280
1468.588	0.001	Stimulus/S 95	4	1468588
1470.114	0.001	Stimulus/S 21	3	1470114
1471.123	0.001	Stimulus/S127	20	1471123
1472.14	0.001	Stimulus/S227	36	1472140
1474.964	0.001	Stimulus/S 95	4	1474964
1476.49	0.001	Stimulus/S 21	3	1476490
1477.499	0.001	Stimulus/S124	17	1477499
1478.516	0.001	Stimulus/S224	33	1478516
1481.731	0.001	Stimulus/S 95	4	1481731
1483.258	0.001	Stimulus/S 11	2	1483258
1484.267	0.001	Stimulus/S116	11	1484267
1485.284	0.001	Stimulus/S216	27	1485284
1488.129	0.001	Stimulus/S 95	4	1488129
1489.659	0.001	Stimulus/S 11	2	1489659
1490.668	0.001	Stimulus/S118	13	1490668
1491.685	0.001	Stimulus/S218	29	1491685
1494.776	0.001	Stimulus/S 95	4	1494776
1496.302	0.001	Stimulus/S 21	3	1496302
1497.311	0.001	Stimulus/S127	20	1497311
1498.328	0.001	Stimulus/S227	36	1498328
1501.218	0.001	Stimulus/S 95	4	1501218
1502.745	0.001	Stimulus/S 21	3	1502745
1503.753	0.001	Stimulus/S123	16	1503753
1504.77	0.001	Stimulus/S223	32	1504770
1507.867	0.001	Stimulus/S 95	4	1507867
1509.396	0.001	Stimulus/S 11	2	1509396
1510.405	0.001	Stimulus/S111	6	1510405
1511.422	0.001	Stimulus/S211	22	1511422
1514.337	0.001	Stimulus/S 95	4	1514337
1515.864	0.001	Stimulus/S 21	3	1515864
1516.872	0.001	Stimulus/S124	17	1516872
1517.889	0.001	Stimulus/S224	33	1517889
1522.045	0.001	Stimulus/S 95	4	1522045
1523.574	0.001	Stimulus/S 11	2	1523574
1524.582	0.001	Stimulus/S112	7	1524582
1525.599	0.001	Stimulus/S212	23	1525599
1528.937	0.001	Stimulus/S 95	4	1528937
1530.466	0.001	Stimulus/S 21	3	1530466
1531.475	0.001	Stimulus/S128	21	1531475
1532.492	0.001	Stimulus/S228	37	1532492
1535.854	0.001	Stimulus/S 95	4	1535854
1537.384	0.001	Stimulus/S 11	2	1537384
1538.393	0.001	Stimulus/S117	12	1538393
1539.41	0.001	Stimulus/S217	28	1539410
1542.719	0.001	Stimulus/S 95	4	1542719
1544.244	0.001	Stimulus/S 11	2	1544244
1545.252	0.001	Stimulus/S116	11	1545252
1546.269	0.001	Stimulus/S216	27	1546269
1549.356	0.001	Stimulus/S 95	4	1549356
1550.887	0.001	Stimulus/S 21	3	1550887
1551.895	0.001	Stimulus/S122	15	1551895
1552.912	0.001	Stimulus/S222	31	1552912
1556.215	0.001	Stimulus/S 95	4	1556215
1557.746	0.001	Stimulus/S 11	2	1557746
1558.755	0.001	Stimulus/S117	12	1558755
1559.772	0.001	Stimulus/S217	28	1559772
1562.661	0.001	Stimulus/S 95	4	1562661
1564.189	0.001	Stimulus/S 11	2	1564189
1565.198	0.001	Stimulus/S113	8	1565198
1566.215	0.001	Stimulus/S213	24	1566215
1569.163	0.001	Stimulus/S 95	4	1569163
1570.69	0.001	Stimulus/S 21	3	1570690
1571.699	0.001	Stimulus/S128	21	1571699
1572.716	0.001	Stimulus/S228	37	1572716
1577.221	0.001	Stimulus/S 95	4	1577221
1578.75	0.001	Stimulus/S 11	2	1578750
1579.759	0.001	Stimulus/S117	12	1579759
1580.776	0.001	Stimulus/S217	28	1580776
1583.612	0.001	Stimulus/S 95	4	1583612
1585.135	0.001	Stimulus/S 21	3	1585135
1586.143	0.001	Stimulus/S121	14	1586143
1587.16	0.001	Stimulus/S221	30	1587160
1590.606	0.001	Stimulus/S 95	4	1590606
1592.136	0.001	Stimulus/S 21	3	1592136
1593.144	0.001	Stimulus/S124	17	1593144
1594.161	0.001	Stimulus/S224	33	1594161
1598.227	0.001	Stimulus/S 95	4	1598227
1599.754	0.001	Stimulus/S 11	2	1599754
1600.762	0.001	Stimulus/S117	12	1600762
1601.779	0.001	Stimulus/S217	28	1601779
1604.903	0.001	Stimulus/S 95	4	1604903
1606.43	0.001	Stimulus/S 21	3	1606430
1607.438	0.001	Stimulus/S126	19	1607438
1608.456	0.001	Stimulus/S226	35	1608456
1611.629	0.001	Stimulus/S 95	4	1611629
1613.156	0.001	Stimulus/S 21	3	1613156
1614.165	0.001	Stimulus/S121	14	1614165
1615.182	0.001	Stimulus/S221	30	1615182
1618.081	0.001	Stimulus/S 95	4	1618081
1619.607	0.001	Stimulus/S 11	2	1619607
1620.616	0.001	Stimulus/S116	11	1620616
1621.633	0.001	Stimulus/S216	27	1621633
1624.832	0.001	Stimulus/S 95	4	1624832
1626.359	0.001	Stimulus/S 21	3	1626359
1627.367	0.001	Stimulus/S124	17	1627367
1628.384	0.001	Stimulus/S224	33	1628384
1631.484	0.001	Stimulus/S 95	4	1631484
1633.01	0.001	Stimulus/S 11	2	1633010
1634.018	0.001	Stimulus/S118	13	1634018
1635.035	0.001	Stimulus/S218	29	1635035
1638.422	0.001	Stimulus/S 95	4	1638422
1639.953	0.001	Stimulus/S 21	3	1639953
1640.961	0.001	Stimulus/S124	17	1640961
1641.978	0.001	Stimulus/S224	33	1641978
1644.989	0.001	Stimulus/S 95	4	1644989
1646.512	0.001	Stimulus/S 21	3	1646512
1647.521	0.001	Stimulus/S121	14	1647521
1648.538	0.001	Stimulus/S221	30	1648538
1651.646	0.001	Stimulus/S 95	4	1651646
1653.172	0.001	Stimulus/S 11	2	1653172
1654.18	0.001	Stimulus/S117	12	1654180
1655.197	0.001	Stimulus/S217	28	1655197
1658.463	0.001	Stimulus/S 95	4	1658463
1659.99	0.001	Stimulus/S 21	3	1659990
1660.998	0.001	Stimulus/S127	20	1660998
1662.015	0.001	Stimulus/S227	36	1662015
1664.947	0.001	Stimulus/S 95	4	1664947
1666.474	0.001	Stimulus/S 11	2	1666474
1667.483	0.001	Stimulus/S118	13	1667483
1668.499	0.001	Stimulus/S218	29	1668499
1672.636	0.001	Stimulus/S 95	4	1672636
1674.167	0.001	Stimulus/S 21	3	1674167
1675.176	0.001	Stimulus/S126	19	1675176
1676.193	0.001	Stimulus/S226	35	1676193
1679.424	0.001	Stimulus/S 95	4	1679424
1680.952	0.001	Stimulus/S 21	3	1680952
1681.96	0.001	Stimulus/S123	16	1681960
1682.977	0.001	Stimulus/S223	32	1682977
1685.836	0.001	Stimulus/S 95	4	1685836
1687.361	0.001	Stimulus/S 11	2	1687361
1688.37	0.001	Stimulus/S112	7	1688370
1689.387	0.001	Stimulus/S212	23	1689387
1692.234	0.001	Stimulus/S 95	4	1692234
1693.762	0.001	Stimulus/S 11	2	1693762
1694.771	0.001	Stimulus/S114	9	1694771
1695.788	0.001	Stimulus/S214	25	1695788
1698.772	0.001	Stimulus/S 95	4	1698772
1700.297	0.001	Stimulus/S 11	2	1700297
1701.305	0.001	Stimulus/S115	10	1701305
1702.322	0.001	Stimulus/S215	26	1702322
1705.313	0.001	Stimulus/S 95	4	1705313
1706.839	0.001	Stimulus/S 11	2	1706839
1707.848	0.001	Stimulus/S114	9	1707848
1708.865	0.001	Stimulus/S214	25	1708865
1737.444	0.001	Stimulus/S 95	4	1737444
1738.97	0.001	Stimulus/S 11	2	1738970
1739.979	0.001	Stimulus/S117	12	1739979
1740.996	0.001	Stimulus/S217	28	1740996
1743.851	0.001	Stimulus/S 95	4	1743851
1745.38	0.001	Stimulus/S 11	2	1745380
1746.388	0.001	Stimulus/S115	10	1746388
1747.405	0.001	Stimulus/S215	26	1747405
1750.653	0.001	Stimulus/S 95	4	1750653
1752.181	0.001	Stimulus/S 11	2	1752181
1753.189	0.001	Stimulus/S115	10	1753189
1754.206	0.001	Stimulus/S215	26	1754206
1757.347	0.001	Stimulus/S 95	4	1757347
1758.874	0.001	Stimulus/S 11	2	1758874
1759.882	0.001	Stimulus/S115	10	1759882
1760.899	0.001	Stimulus/S215	26	1760899
1763.981	0.001	Stimulus/S 95	4	1763981
1765.508	0.001	Stimulus/S 21	3	1765508
1766.517	0.001	Stimulus/S121	14	1766517
1767.534	0.001	Stimulus/S221	30	1767534
1770.768	0.001	Stimulus/S 95	4	1770768
1772.293	0.001	Stimulus/S 21	3	1772293
1773.301	0.001	Stimulus/S126	19	1773301
1774.318	0.001	Stimulus/S226	35	1774318
1777.56	0.001	Stimulus/S 95	4	1777560
1779.086	0.001	Stimulus/S 21	3	1779086
1780.094	0.001	Stimulus/S122	15	1780094
1781.111	0.001	Stimulus/S222	31	1781111
1784.283	0.001	Stimulus/S 95	4	1784283
1785.812	0.001	Stimulus/S 21	3	1785812
1786.82	0.001	Stimulus/S123	16	1786820
1787.837	0.001	Stimulus/S223	32	1787837
1790.953	0.001	Stimulus/S 95	4	1790953
1792.48	0.001	Stimulus/S 21	3	1792480
1793.488	0.001	Stimulus/S126	19	1793488
1794.505	0.001	Stimulus/S226	35	1794505
1797.566	0.001	Stimulus/S 95	4	1797566
1799.089	0.001	Stimulus/S 21	3	1799089
1800.098	0.001	Stimulus/S122	15	1800098
1801.115	0.001	Stimulus/S222	31	1801115
1803.998	0.001	Stimulus/S 95	4	1803998
1805.524	0.001	Stimulus/S 11	2	1805524
1806.532	0.001	Stimulus/S114	9	1806532
1807.549	0.001	Stimulus/S214	25	1807549
1810.511	0.001	Stimulus/S 95	4	1810511
1812.042	0.001	Stimulus/S 11	2	1812042
1813.05	0.001	Stimulus/S114	9	1813050
1814.067	0.001	Stimulus/S214	25	1814067
1817.114	0.001	Stimulus/S 95	4	1817114
1818.643	0.001	Stimulus/S 21	3	1818643
1819.651	0.001	Stimulus/S122	15	1819651
1820.668	0.001	Stimulus/S222	31	1820668
1823.728	0.001	Stimulus/S 95	4	1823728
1825.252	0.001	Stimulus/S 21	3	1825252
1826.261	0.001	Stimulus/S122	15	1826261
1827.278	0.001	Stimulus/S222	31	1827278
1830.546	0.001	Stimulus/S 95	4	1830546
1832.07	0.001	Stimulus/S 11	2	1832070
1833.079	0.001	Stimulus/S114	9	1833079
1834.096	0.001	Stimulus/S214	25	1834096
1837.287	0.001	Stimulus/S 95	4	1837287
1838.813	0.001	Stimulus/S 11	2	1838813
1839.822	0.001	Stimulus/S115	10	1839822
1840.839	0.001	Stimulus/S215	26	1840839
1845.389	0.001	Stimulus/S 95	4	1845389
1846.914	0.001	Stimulus/S 11	2	1846914
1847.923	0.001	Stimulus/S115	10	1847923
1848.94	0.001	Stimulus/S215	26	1848940
1852.231	0.001	Stimulus/S 95	4	1852231
1853.757	0.001	Stimulus/S 11	2	1853757
1854.766	0.001	Stimulus/S112	7	1854766
1855.783	0.001	Stimulus/S212	23	1855783
1860.065	0.001	Stimulus/S 95	4	1860065
1861.592	0.001	Stimulus/S 11	2	1861592
1862.601	0.001	Stimulus/S118	13	1862601
1863.618	0.001	Stimulus/S218	29	1863618
1867.985	0.001	Stimulus/S 95	4	1867985
1869.51	0.001	Stimulus/S 21	3	1869510
1870.519	0.001	Stimulus/S123	16	1870519
1871.536	0.001	Stimulus/S223	32	1871536
1875.542	0.001	Stimulus/S 95	4	1875542
1877.07	0.001	Stimulus/S 21	3	1877070
1878.078	0.001	Stimulus/S125	18	1878078
1879.095	0.001	Stimulus/S225	34	1879095
1882.322	0.001	Stimulus/S 95	4	1882322
1883.846	0.001	Stimulus/S 21	3	1883846
1884.855	0.001	Stimulus/S121	14	1884855
1885.872	0.001	Stimulus/S221	30	1885872
1888.904	0.001	Stimulus/S 95	4	1888904
1890.431	0.001	Stimulus/S 21	3	1890431
1891.439	0.001	Stimulus/S123	16	1891439
1892.456	0.001	Stimulus/S223	32	1892456
1895.34	0.001	Stimulus/S 95	4	1895340
1896.865	0.001	Stimulus/S 21	3	1896865
1897.873	0.001	Stimulus/S122	15	1897873
1898.891	0.001	Stimulus/S222	31	1898891
1902.131	0.001	Stimulus/S 95	4	1902131
1903.658	0.001	Stimulus/S 11	2	1903658
1904.666	0.001	Stimulus/S115	10	1904666
1905.683	0.001	Stimulus/S215	26	1905683
1909.014	0.001	Stimulus/S 95	4	1909014
1910.542	0.001	Stimulus/S 11	2	1910542
1911.551	0.001	Stimulus/S116	11	1911551
1912.568	0.001	Stimulus/S216	27	1912568
1915.704	0.001	Stimulus/S 95	4	1915704
1917.227	0.001	Stimulus/S 21	3	1917227
1918.235	0.001	Stimulus/S128	21	1918235
1919.252	0.001	Stimulus/S228	37	1919252
1922.512	0.001	Stimulus/S 95	4	1922512
1924.037	0.001	Stimulus/S 21	3	1924037
1925.045	0.001	Stimulus/S122	15	1925045
1926.062	0.001	Stimulus/S222	31	1926062
1929.19	0.001	Stimulus/S 95	4	1929190
1930.713	0.001	Stimulus/S 11	2	1930713
1931.721	0.001	Stimulus/S115	10	1931721
1932.738	0.001	Stimulus/S215	26	1932738
1935.638	0.001	Stimulus/S 95	4	1935638
1937.164	0.001	Stimulus/S 21	3	1937164
1938.172	0.001	Stimulus/S124	17	1938172
1939.189	0.001	Stimulus/S224	33	1939189
1942.29	0.001	Stimulus/S 95	4	1942290
1943.815	0.001	Stimulus/S 21	3	1943815
1944.824	0.001	Stimulus/S123	16	1944824
1945.841	0.001	Stimulus/S223	32	1945841
1948.995	0.001	Stimulus/S 95	4	1948995
1950.524	0.001	Stimulus/S 11	2	1950524
1951.533	0.001	Stimulus/S114	9	1951533
1952.55	0.001	Stimulus/S214	25	1952550
1955.98	0.001	Stimulus/S 95	4	1955980
1957.509	0.001	Stimulus/S 21	3	1957509
1958.518	0.001	Stimulus/S123	16	1958518
1959.535	0.001	Stimulus/S223	32	1959535
1964.041	0.001	Stimulus/S 95	4	1964041
1965.569	0.001	Stimulus/S 11	2	1965569
1966.577	0.001	Stimulus/S111	6	1966577
1967.594	0.001	Stimulus/S211	22	1967594
1970.764	0.001	Stimulus/S 95	4	1970764
1972.287	0.001	Stimulus/S 11	2	1972287
1973.295	0.001	Stimulus/S114	9	1973295
1974.312	0.001	Stimulus/S214	25	1974312
1977.568	0.001	Stimulus/S 95	4	1977568
1979.096	0.001	Stimulus/S 11	2	1979096
1980.105	0.001	Stimulus/S116	11	1980105
1981.122	0.001	Stimulus/S216	27	1981122
1984.107	0.001	Stimulus/S 95	4	1984107
1985.631	0.001	Stimulus/S 21	3	1985631
1986.639	0.001	Stimulus/S125	18	1986639
1987.656	0.001	Stimulus/S225	34	1987656
1990.549	0.001	Stimulus/S 95	4	1990549
1992.074	0.001	Stimulus/S 11	2	1992074
1993.082	0.001	Stimulus/S115	10	1993082
1994.099	0.001	Stimulus/S215	26	1994099
1998.414	0.001	Stimulus/S 95	4	1998414
1999.942	0.001	Stimulus/S 21	3	1999942
2000.95	0.001	Stimulus/S127	20	2000950
2001.967	0.001	Stimulus/S227	36	2001967
2005.215	0.001	Stimulus/S 95	4	2005215
2006.743	0.001	Stimulus/S 11	2	2006743
2007.751	0.001	Stimulus/S113	8	2007751
2008.768	0.001	Stimulus/S213	24	2008768
2011.734	0.001	Stimulus/S 95	4	2011734
2013.261	0.001	Stimulus/S 21	3	2013261
2014.269	0.001	Stimulus/S126	19	2014269
2015.286	0.001	Stimulus/S226	35	2015286
2018.52	0.001	Stimulus/S 95	4	2018520
2020.045	0.001	Stimulus/S 21	3	2020045
2021.054	0.001	Stimulus/S128	21	2021054
2022.071	0.001	Stimulus/S228	37	2022071
2024.892	0.001	Stimulus/S 95	4	2024892
2026.421	0.001	Stimulus/S 11	2	2026421
2027.43	0.001	Stimulus/S115	10	2027430
2028.447	0.001	Stimulus/S215	26	2028447
2031.432	0.001	Stimulus/S 95	4	2031432
2032.956	0.001	Stimulus/S 21	3	2032956
2033.964	0.001	Stimulus/S126	19	2033964
2034.981	0.001	Stimulus/S226	35	2034981
2037.952	0.001	Stimulus/S 95	4	2037952
2039.482	0.001	Stimulus/S 11	2	2039482
2040.49	0.001	Stimulus/S114	9	2040490
2041.508	0.001	Stimulus/S214	25	2041508
2044.625	0.001	Stimulus/S 95	4	2044625
2046.15	0.001	Stimulus/S 11	2	2046150
2047.158	0.001	Stimulus/S113	8	2047158
2048.175	0.001	Stimulus/S213	24	2048175
2051.389	0.001	Stimulus/S 95	4	2051389
2052.918	0.001	Stimulus/S 21	3	2052918
2053.926	0.001	Stimulus/S124	17	2053926
2054.943	0.001	Stimulus/S224	33	2054943
2057.957	0.001	Stimulus/S 95	4	2057957
2059.486	0.001	Stimulus/S 11	2	2059486
2060.494	0.001	Stimulus/S117	12	2060494
2061.511	0.001	Stimulus/S217	28	2061511
2064.468	0.001	Stimulus/S 95	4	2064468
2065.995	0.001	Stimulus/S 21	3	2065995
2067.004	0.001	Stimulus/S128	21	2067004
2068.021	0.001	Stimulus/S228	37	2068021
2071.074	0.001	Stimulus/S 95	4	2071074
2072.605	0.001	Stimulus/S 21	3	2072605
2073.613	0.001	Stimulus/S124	17	2073613
2074.63	0.001	Stimulus/S224	33	2074630
2077.794	0.001	Stimulus/S 95	4	2077794
2079.322	0.001	Stimulus/S 21	3	2079322
2080.331	0.001	Stimulus/S128	21	2080331
2081.348	0.001	Stimulus/S228	37	2081348
2084.312	0.001	Stimulus/S 95	4	2084312
2085.84	0.001	Stimulus/S 21	3	2085840
2086.849	0.001	Stimulus/S124	17	2086849
2087.866	0.001	Stimulus/S224	33	2087866
2090.781	0.001	Stimulus/S 95	4	2090781
2092.308	0.001	Stimulus/S 11	2	2092308
2093.317	0.001	Stimulus/S111	6	2093317
2094.334	0.001	Stimulus/S211	22	2094334
2097.596	0.001	Stimulus/S 95	4	2097596
2099.126	0.001	Stimulus/S 11	2	2099126
2100.134	0.001	Stimulus/S118	13	2100134
2101.151	0.001	Stimulus/S218	29	2101151
2105.383	0.001	Stimulus/S 95	4	2105383
2106.911	0.001	Stimulus/S 21	3	2106911
2107.919	0.001	Stimulus/S126	19	2107919
2108.936	0.001	Stimulus/S226	35	2108936
2112.064	0.001	Stimulus/S 95	4	2112064
2113.587	0.001	Stimulus/S 11	2	2113587
2114.595	0.001	Stimulus/S118	13	2114595
2115.613	0.001	Stimulus/S218	29	2115613
2118.703	0.001	Stimulus/S 95	4	2118703
2120.23	0.001	Stimulus/S 21	3	2120230
2121.238	0.001	Stimulus/S124	17	2121238
2122.255	0.001	Stimulus/S224	33	2122255
2125.372	0.001	Stimulus/S 95	4	2125372
2126.898	0.001	Stimulus/S 11	2	2126898
2127.906	0.001	Stimulus/S115	10	2127906
2128.923	0.001	Stimulus/S215	26	2128923
2131.889	0.001	Stimulus/S 95	4	2131889
2133.415	0.001	Stimulus/S 11	2	2133415
2134.424	0.001	Stimulus/S113	8	2134424
2135.441	0.001	Stimulus/S213	24	2135441
2138.615	0.001	Stimulus/S 95	4	2138615
2140.142	0.001	Stimulus/S 21	3	2140142
2141.15	0.001	Stimulus/S121	14	2141150
2142.167	0.001	Stimulus/S221	30	2142167
2145.296	0.001	Stimulus/S 95	4	2145296
2146.826	0.001	Stimulus/S 11	2	2146826
2147.835	0.001	Stimulus/S117	12	2147835
2148.852	0.001	Stimulus/S217	28	2148852
2151.983	0.001	Stimulus/S 95	4	2151983
2153.511	0.001	Stimulus/S 11	2	2153511
2154.519	0.001	Stimulus/S112	7	2154519
2155.536	0.001	Stimulus/S212	23	2155536
2158.484	0.001	Stimulus/S 95	4	2158484
2160.012	0.001	Stimulus/S 21	3	2160012
2161.02	0.001	Stimulus/S121	14	2161020
2162.037	0.001	Stimulus/S221	30	2162037
2164.947	0.001	Stimulus/S 95	4	2164947
2166.471	0.001	Stimulus/S 21	3	2166471
2167.48	0.001	Stimulus/S122	15	2167480
2168.497	0.001	Stimulus/S222	31	2168497
2172.718	0.001	Stimulus/S 95	4	2172718
2174.248	0.001	Stimulus/S 11	2	2174248
2175.256	0.001	Stimulus/S117	12	2175256
2176.273	0.001	Stimulus/S217	28	2176273
2179.587	0.001	Stimulus/S 95	4	2179587
2181.116	0.001	Stimulus/S 21	3	2181116
2182.124	0.001	Stimulus/S126	19	2182124
2183.141	0.001	Stimulus/S226	35	2183141
2186.036	0.001	Stimulus/S 95	4	2186036
2187.558	0.001	Stimulus/S 21	3	2187558
2188.567	0.001	Stimulus/S128	21	2188567
2189.584	0.001	Stimulus/S228	37	2189584
2192.451	0.001	Stimulus/S 95	4	2192451
2193.976	0.001	Stimulus/S 21	3	2193976
2194.985	0.001	Stimulus/S121	14	2194985
2196.002	0.001	Stimulus/S221	30	2196002
2199.15	0.001	Stimulus/S 95	4	2199150
2200.677	0.001	Stimulus/S 11	2	2200677
2201.686	0.001	Stimulus/S111	6	2201686
2202.703	0.001	Stimulus/S211	22	2202703
2205.81	0.001	Stimulus/S 95	4	2205810
2207.337	0.001	Stimulus/S 11	2	2207337
2208.345	0.001	Stimulus/S115	10	2208345
2209.362	0.001	Stimulus/S215	26	2209362
2213.867	0.001	Stimulus/S 95	4	2213867
2215.397	0.001	Stimulus/S 21	3	2215397
2216.405	0.001	Stimulus/S122	15	2216405
2217.422	0.001	Stimulus/S222	31	2217422
2220.339	0.001	Stimulus/S 95	4	2220339
2221.865	0.001	Stimulus/S 21	3	2221865
2222.873	0.001	Stimulus/S122	15	2222873
2223.89	0.001	Stimulus/S222	31	2223890
2226.927	0.001	Stimulus/S 95	4	2226927
2228.457	0.001	Stimulus/S 21	3	2228457
2229.466	0.001	Stimulus/S124	17	2229466
2230.483	0.001	Stimulus/S224	33	2230483
2234.889	0.001	Stimulus/S 95	4	2234889
2236.417	0.001	Stimulus/S 11	2	2236417
2237.426	0.001	Stimulus/S114	9	2237426
2238.443	0.001	Stimulus/S214	25	2238443
2241.668	0.001	Stimulus/S 95	4	2241668
2243.193	0.001	Stimulus/S 11	2	2243193
2244.202	0.001	Stimulus/S113	8	2244202
2245.219	0.001	Stimulus/S213	24	2245219
2248.266	0.001	Stimulus/S 95	4	2248266
2249.794	0.001	Stimulus/S 21	3	2249794
2250.803	0.001	Stimulus/S127	20	2250803
2251.82	0.001	Stimulus/S227	36	2251820
2256.012	0.001	Stimulus/S 95	4	2256012
2257.537	0.001	Stimulus/S 21	3	2257537
2258.546	0.001	Stimulus/S122	15	2258546
2259.563	0.001	Stimulus/S222	31	2259563
2262.382	0.001	Stimulus/S 95	4	2262382
2263.905	0.001	Stimulus/S 11	2	2263905
2264.914	0.001	Stimulus/S115	10	2264914
2265.931	0.001	Stimulus/S215	26	2265931
2269.081	0.001	Stimulus/S 95	4	2269081
2270.606	0.001	Stimulus/S 21	3	2270606
2271.615	0.001	Stimulus/S126	19	2271615
2272.632	0.001	Stimulus/S226	35	2272632
2275.569	0.001	Stimulus/S 95	4	2275569
2277.099	0.001	Stimulus/S 21	3	2277099
2278.108	0.001	Stimulus/S126	19	2278108
2279.125	0.001	Stimulus/S226	35	2279125
